time_s,fly_1_x_mm,fly_1_y_mm,fly_1_z_mm,fly_2_x_mm,fly_2_y_mm,fly_2_z_mm
1.000000000000000048e-04,5.529591821406621976e-01,-3.000011208370583216e+00,1.158868461640308878e+00,5.529689266127397751e-01,2.999983503163880627e+00,1.158854046831565121e+00
1.010000000000000134e-02,5.930423287156115775e-01,-3.003979334408739099e+00,1.180724237319320080e+00,6.058486469543260533e-01,2.946550461335519788e+00,1.041434240824258284e+00
2.009999999999999981e-02,6.604701487547418592e-01,-3.028940149872739074e+00,1.188440851245218477e+00,6.112033181164266971e-01,2.914903871411536063e+00,1.035660055906975519e+00
3.010000000000000175e-02,7.156670371415285725e-01,-3.030691273534028340e+00,1.179242024558888602e+00,6.554076454685890951e-01,2.973952462600579771e+00,9.902168069034533726e-01
4.010000000000000370e-02,6.970146894108142366e-01,-2.943319020987157142e+00,1.069992708915824098e+00,7.251161449447827145e-01,2.934791556860537831e+00,9.981594821227175451e-01
5.010000000000000564e-02,6.561705598471525569e-01,-2.746772922664171723e+00,9.001033186410339892e-01,8.246416094710559141e-01,2.932249832425359859e+00,9.983618519343709918e-01
6.010000000000000064e-02,7.671238221618571496e-01,-2.690918872461431022e+00,7.979374442888789165e-01,9.745040587186926118e-01,2.952062738407297271e+00,9.597409306911133253e-01
7.010000000000000953e-02,8.715467616436386455e-01,-2.583034933883471496e+00,8.892408968685798776e-01,1.142060461620238332e+00,2.946366874726440432e+00,6.976113714326632742e-01
8.010000000000000453e-02,1.005175104363201566e+00,-2.554344156279133138e+00,9.749539093176405880e-01,1.079470762133470263e+00,2.943408672160651829e+00,8.306174900937042249e-01
9.009999999999999953e-02,1.094815046332001662e+00,-2.574569813529851814e+00,9.555297277625137697e-01,1.140873142666265716e+00,2.950474658573345010e+00,8.969818944516301240e-01
1.001000000000000084e-01,1.150691507227683985e+00,-2.621274316047721875e+00,9.265289850180475906e-01,1.308325039007662838e+00,2.977884702081280643e+00,1.005353628805563559e+00
1.101000000000000034e-01,1.288164432279764293e+00,-2.659740618083081376e+00,9.315015807167076334e-01,1.487740694030915023e+00,2.993821307909651175e+00,1.065032476492745683e+00
1.201000000000000123e-01,1.446423640432037860e+00,-2.642427847639344574e+00,8.392515451867680332e-01,1.605386978701246692e+00,2.941355745488207329e+00,1.126773068040259673e+00
1.300999999999999934e-01,1.402097463869663718e+00,-2.483000433481109770e+00,9.801158163525557354e-01,1.734481748241882393e+00,2.907877527129987705e+00,1.050227827679792503e+00
1.401000000000000023e-01,1.484828369176980356e+00,-2.394696294606518006e+00,9.514284583400925976e-01,2.017447725688334526e+00,2.909939871953099111e+00,8.605052643655776157e-01
1.501000000000000112e-01,1.655222202043799884e+00,-2.228003327025057878e+00,8.835965125797308195e-01,2.194472084576816417e+00,3.001240622395024538e+00,6.948936924802033843e-01
1.601000000000000201e-01,1.815472259912223496e+00,-2.219546851421815070e+00,9.745176772821302347e-01,2.228269896774874415e+00,2.961071486580217460e+00,7.628969269669498843e-01
1.701000000000000012e-01,1.885548507573045374e+00,-2.282747095131139492e+00,1.034941117819140999e+00,2.199004667193578122e+00,2.950022901882964455e+00,7.969487946061237782e-01
1.801000000000000101e-01,1.985901670455284984e+00,-2.391295232051922071e+00,9.987329684726933277e-01,2.313530653172637841e+00,2.899407299112496172e+00,8.574215215288422121e-01
1.901000000000000190e-01,2.210640198991640659e+00,-2.439274980200233589e+00,1.040793031745968822e+00,2.476132775875890424e+00,2.876956076963000708e+00,9.782272202857866805e-01
2.001000000000000001e-01,2.398696012534486055e+00,-2.457445237610222932e+00,1.014827951619273305e+00,2.635141397367879446e+00,2.809279040515986203e+00,1.008629527689291372e+00
2.101000000000000090e-01,2.433089486937631385e+00,-2.324561648822144555e+00,1.108118320386448197e+00,2.822321884562478900e+00,2.733780910797447561e+00,8.866049224880375723e-01
2.201000000000000179e-01,2.499348325950447869e+00,-2.193329359831630576e+00,1.068544273750315243e+00,2.975374111545135758e+00,2.733418780962305839e+00,1.030752719186513788e+00
2.300999999999999990e-01,2.643121074693703498e+00,-2.080174033691415403e+00,1.067673511483430815e+00,3.033704046878971550e+00,2.881335748541350661e+00,1.034552249063958484e+00
2.401000000000000079e-01,2.795031820582443149e+00,-1.924110511925484435e+00,1.059890130553946541e+00,3.200217494982556143e+00,2.936404963875332896e+00,9.579427959647129898e-01
2.500999999999999890e-01,2.928951393462343677e+00,-2.021055326994819712e+00,1.141902807049349988e+00,3.381182262689290230e+00,3.084359910704594476e+00,1.017779322685277155e+00
2.600999999999999979e-01,3.047771060758376560e+00,-2.116224829129339291e+00,1.120012603623035785e+00,3.499197936212573357e+00,2.938453321938658824e+00,1.063860276794235782e+00
2.701000000000000068e-01,3.202371197612131848e+00,-2.159224722151680265e+00,1.085572999112412562e+00,3.547779549981768810e+00,2.826839641362102640e+00,1.076541558943133303e+00
2.801000000000000156e-01,3.443088197455645094e+00,-2.282623515802522540e+00,1.071712390268014126e+00,3.666179008638228876e+00,2.753196405563972604e+00,1.059617585598625400e+00
2.901000000000000245e-01,3.567180549479845197e+00,-2.126644276972954550e+00,1.152872200728773500e+00,3.850429105408798236e+00,2.575007380210886154e+00,1.036982824649000934e+00
3.001000000000000334e-01,3.598672471031478359e+00,-2.001808217605171691e+00,1.148787681292617657e+00,4.039877912680036154e+00,2.654624385208164572e+00,1.105388139686099391e+00
3.101000000000000423e-01,3.684502757934784878e+00,-1.906042878674457874e+00,1.082398575274239105e+00,4.092591557504895228e+00,2.776964237221656528e+00,1.130460661637675779e+00
3.200999999999999956e-01,3.860547771340689049e+00,-1.676319486616369980e+00,1.090600693082647954e+00,4.189348776733992530e+00,2.850811270260131369e+00,1.071018375637482256e+00
3.301000000000000045e-01,4.064639018026610096e+00,-1.735511040134642524e+00,1.139522209824063381e+00,4.435383232028604183e+00,3.012495466879166361e+00,1.087811609437417726e+00
3.401000000000000134e-01,4.127207345103020231e+00,-1.839662852907407053e+00,1.167256850108800981e+00,4.624128847123226471e+00,2.915440904460073313e+00,1.124615141579875077e+00
3.501000000000000223e-01,4.233662816465886714e+00,-1.901296510436604636e+00,1.097777755872623606e+00,4.646585533670002377e+00,2.804029637030897248e+00,1.162990030736848590e+00
3.601000000000000312e-01,4.520126260447560718e+00,-2.033666849407889110e+00,1.109499323382629132e+00,4.719299454483246947e+00,2.707216969702167297e+00,1.096903186294753807e+00
3.701000000000000401e-01,4.709425004549957272e+00,-1.923309899620873509e+00,1.122984157437893815e+00,4.945404176806039942e+00,2.535016050057030235e+00,1.105295707000365724e+00
3.800999999999999934e-01,4.714979500848539118e+00,-1.815366908292115555e+00,1.175280191875853530e+00,5.154193940994866274e+00,2.544581837080122533e+00,1.108081964691371546e+00
3.901000000000000023e-01,4.773856668773474254e+00,-1.703201313968628616e+00,1.107761319740881767e+00,5.199714329498442034e+00,2.650597307831981109e+00,1.172705500081507424e+00
4.001000000000000112e-01,4.960919027112997703e+00,-1.508627143150053085e+00,1.107957912754762964e+00,5.304260592394934193e+00,2.752252327003887444e+00,1.111056465556179873e+00
4.101000000000000201e-01,5.169336598787207748e+00,-1.462863591467616464e+00,1.102479724051864896e+00,5.527895400110534929e+00,2.870474634166910288e+00,1.113706571335859152e+00
4.201000000000000290e-01,5.231601030558380216e+00,-1.562298201390067254e+00,1.172017087379832123e+00,5.741938755329171862e+00,2.902852848894189375e+00,1.089742761356981449e+00
4.301000000000000378e-01,5.360799106980429052e+00,-1.650125637861617811e+00,1.115307393163953442e+00,5.793534644676058498e+00,2.785885310300922235e+00,1.172754680103114122e+00
4.401000000000000467e-01,5.587177231348952056e+00,-1.728381597757508326e+00,1.118764402779253153e+00,5.889804961390733951e+00,2.662238184856761780e+00,1.122062222744437898e+00
4.501000000000000001e-01,5.811137535780318331e+00,-1.749971765029249227e+00,1.088613641030129919e+00,6.051482916046026617e+00,2.549245336242536020e+00,1.100607506194851481e+00
4.601000000000000090e-01,5.856030069544274852e+00,-1.621862150519368440e+00,1.177041035521666723e+00,6.249791000448514211e+00,2.419774688298970133e+00,1.082736807457158612e+00
4.701000000000000179e-01,5.929571530917053579e+00,-1.484948338743198981e+00,1.129321328001928748e+00,6.358412786437567021e+00,2.532092952653887785e+00,1.165865666048772731e+00
4.801000000000000267e-01,6.064682499800533755e+00,-1.361938429462409728e+00,1.097131088706362334e+00,6.462668490064740645e+00,2.647748681429168638e+00,1.136727317600827458e+00
4.901000000000000356e-01,6.238326368171565939e+00,-1.189611415553361917e+00,1.085477651716880265e+00,6.611752059710849672e+00,2.718832587205660900e+00,1.094090056031185476e+00
5.000999999999999890e-01,6.374864413633063442e+00,-1.283214318729296144e+00,1.163927213529789562e+00,6.837622300004883691e+00,2.872982404738726459e+00,1.082320791000185967e+00
5.100999999999999979e-01,6.490919457327839481e+00,-1.387344042958436496e+00,1.145434123370081325e+00,6.970482870998314873e+00,2.738041690923079585e+00,1.160588586033342917e+00
5.201000000000000068e-01,6.638320566623787222e+00,-1.436883222022790729e+00,1.092938861799350070e+00,7.030126416546884194e+00,2.614641165732800143e+00,1.152338421484815800e+00
5.301000000000000156e-01,6.900253307755160215e+00,-1.577228995382559340e+00,1.080857359514316940e+00,7.141255666077483077e+00,2.530633770737565680e+00,1.083910934607124510e+00
5.401000000000000245e-01,7.027391639104322962e+00,-1.424343402964149519e+00,1.153359281500596856e+00,7.346257750151097277e+00,2.324957280327577980e+00,1.089218339813049496e+00
5.501000000000000334e-01,7.058080953255434942e+00,-1.300502983032505444e+00,1.151801250752259698e+00,7.534169982109690800e+00,2.419628442493912956e+00,1.143068635452348714e+00
5.601000000000000423e-01,7.145589974162248836e+00,-1.205231491354798345e+00,1.078977674329234970e+00,7.586829804922261111e+00,2.532183609270192370e+00,1.164305850146778898e+00
5.701000000000000512e-01,7.323091720385726866e+00,-9.694938650867152008e-01,1.087941095104310696e+00,7.686433263068954247e+00,2.603054557459744345e+00,1.090474592205536331e+00
5.801000000000000600e-01,7.528035600377456227e+00,-1.024315378162428347e+00,1.128740010542278238e+00,7.940836999144744723e+00,2.778319151302208745e+00,1.102350698760316217e+00
5.901000000000000689e-01,7.587904551741116776e+00,-1.132518801668965569e+00,1.161246701472083531e+00,8.139065443343383777e+00,2.685654333534093663e+00,1.125485767238081580e+00
6.001000000000000778e-01,7.692522395077384445e+00,-1.193068906558858666e+00,1.094092623681640841e+00,8.159996279098049143e+00,2.575634472416568954e+00,1.171068006746162737e+00
6.100999999999999757e-01,7.979364318014680713e+00,-1.330549416420183650e+00,1.107601567932152031e+00,8.234072804955136604e+00,2.478968990137529360e+00,1.102373606736030132e+00
6.200999999999999845e-01,8.170106362943300837e+00,-1.222854090155000462e+00,1.119147731241346699e+00,8.457559563564453597e+00,2.301290488395028699e+00,1.111018255393087628e+00
6.300999999999999934e-01,8.175514476068729053e+00,-1.114661509696039277e+00,1.172558851835583615e+00,8.670881257110265139e+00,2.308304426916287788e+00,1.109933804703469029e+00
6.401000000000000023e-01,8.235729529947681371e+00,-1.003861947362612250e+00,1.105072603732539571e+00,8.712938380859291954e+00,2.415777900387606092e+00,1.176099496162315905e+00
6.501000000000000112e-01,8.422984179263430349e+00,-8.115558373971996087e-01,1.104129278809172554e+00,8.818498905944201383e+00,2.516120600851603495e+00,1.113046460833027274e+00
6.601000000000000201e-01,8.632359569842856573e+00,-7.664960201059395350e-01,1.098577423674460540e+00,9.041512919916874225e+00,2.634012344608355871e+00,1.114603282385516758e+00
6.701000000000000290e-01,8.693493959353517653e+00,-8.662740188343842629e-01,1.168523283712192606e+00,9.257304805457403418e+00,2.666337997296064799e+00,1.090830209923364436e+00
6.801000000000000378e-01,8.821140022537848679e+00,-9.553015019125288276e-01,1.112450453569389097e+00,9.308558798061962847e+00,2.550343069665673035e+00,1.172962675364188190e+00
6.901000000000000467e-01,9.047215438767862494e+00,-1.035831400828282067e+00,1.113776249908477789e+00,9.406110017636613918e+00,2.425755545293955873e+00,1.123225201757172442e+00
7.001000000000000556e-01,9.271664325374963767e+00,-1.060735047868875514e+00,1.082684180187252210e+00,9.566156864483351896e+00,2.310702118164007501e+00,1.097527531868824680e+00
7.101000000000000645e-01,9.315906817223856606e+00,-9.347826926775330003e-01,1.170891026469949914e+00,9.766571651496496642e+00,2.177968448953055525e+00,1.078455115136489617e+00
7.201000000000000734e-01,9.391625750451215282e+00,-7.984798874806307012e-01,1.124935950157667675e+00,9.873830609790951840e+00,2.287231985404498236e+00,1.160665025790705407e+00
7.301000000000000822e-01,9.525939241904408661e+00,-6.759995909975196060e-01,1.091190873773309367e+00,9.978522999299810792e+00,2.404130527139885842e+00,1.133841597821664937e+00
7.400999999999999801e-01,9.700872413636965064e+00,-5.038980114018175582e-01,1.079503538062713819e+00,1.012810227885939796e+01,2.474544244400000981e+00,1.091343926383490981e+00
7.500999999999999890e-01,9.836397191921410155e+00,-5.956791779565366873e-01,1.157848894734627265e+00,1.035426249967012780e+01,2.628956074315685232e+00,1.080086136563779053e+00
7.600999999999999979e-01,9.950579657982236981e+00,-7.014408238341320878e-01,1.140262689084131420e+00,1.048665478906652204e+01,2.494897633079751653e+00,1.158070958609005219e+00
7.701000000000000068e-01,1.010196090516703649e+01,-7.477705898083494285e-01,1.092813254397041467e+00,1.054547399977000310e+01,2.371039500660232502e+00,1.150089307158620455e+00
7.801000000000000156e-01,1.035857961665494820e+01,-8.861534354628235466e-01,1.081955843479148305e+00,1.065420914999191915e+01,2.287405804825021427e+00,1.081309450194779975e+00
7.901000000000000245e-01,1.048452243669061090e+01,-7.321441825419054972e-01,1.157298833304646779e+00,1.085771419174935204e+01,2.080808220388638663e+00,1.085559910924777771e+00
8.001000000000000334e-01,1.051685873561064177e+01,-6.077406441724623187e-01,1.154916712668757839e+00,1.104608157243499988e+01,2.173118009955575136e+00,1.138189024636343971e+00
8.101000000000000423e-01,1.060041722484722904e+01,-5.122408010794432531e-01,1.082458960298801731e+00,1.109856556722111343e+01,2.286265892936148791e+00,1.160322546355070594e+00
8.201000000000000512e-01,1.077987131564794510e+01,-2.784419462283559965e-01,1.089333240481490606e+00,1.119790749777847871e+01,2.354842918279777653e+00,1.090213682112906035e+00
8.301000000000000600e-01,1.098501107231347973e+01,-3.341961696835805129e-01,1.130854556324955240e+00,1.145256550623879654e+01,2.525949723233751776e+00,1.102695822756707633e+00
8.401000000000000689e-01,1.104442473957780813e+01,-4.417590943368056577e-01,1.162833351707402096e+00,1.164890480703055964e+01,2.429555057064068713e+00,1.130468745200116532e+00
8.501000000000000778e-01,1.114844199718289097e+01,-5.044286063213533344e-01,1.095228299421202367e+00,1.166897380736109646e+01,2.319276510565518645e+00,1.173950275488006012e+00
8.601000000000000867e-01,1.143393287500955324e+01,-6.425767049581940782e-01,1.107254453721401743e+00,1.174135377210123110e+01,2.219865520555495131e+00,1.103497600218197983e+00
8.701000000000000956e-01,1.162568728380948890e+01,-5.359485819782862093e-01,1.118021811913372465e+00,1.196285088039592459e+01,2.038475641401924054e+00,1.109495958897269929e+00
8.800999999999999934e-01,1.163159739406757609e+01,-4.275588119147442079e-01,1.172259190018886121e+00,1.217667684701657826e+01,2.041245548430223877e+00,1.104856993565980217e+00
8.901000000000000023e-01,1.169112367870721059e+01,-3.159580043476793443e-01,1.104164538223313841e+00,1.222057289771466060e+01,2.146975689163112655e+00,1.173029133127484469e+00
9.001000000000000112e-01,1.187785627149218293e+01,-1.211443908386736351e-01,1.101915219924417766e+00,1.232723288983546794e+01,2.246873611334766707e+00,1.111194818755564251e+00
9.101000000000000201e-01,1.208799370012987673e+01,-7.363748701661979035e-02,1.092712051184290267e+00,1.255168656459125387e+01,2.365105658105339348e+00,1.113081565736712131e+00
9.201000000000000290e-01,1.214857122052305982e+01,-1.722417135690485490e-01,1.164537920541195426e+00,1.276975546393121697e+01,2.396598440557810239e+00,1.086883631044615273e+00
9.301000000000000378e-01,1.227562970262625619e+01,-2.610096183855780128e-01,1.109961484384019537e+00,1.281913434497768733e+01,2.280663517102496929e+00,1.170475163449725686e+00
9.401000000000000467e-01,1.250099164541749275e+01,-3.405422676112108138e-01,1.115105893290186723e+00,1.291415203445261106e+01,2.155957194441129321e+00,1.120590199754342597e+00
9.501000000000000556e-01,1.272446410880211509e+01,-3.636893543479094992e-01,1.085288529711385452e+00,1.307420579031291119e+01,2.041456197625666213e+00,1.096322046193551003e+00
9.601000000000000645e-01,1.276794017721441499e+01,-2.367044050986485126e-01,1.172806758939524574e+00,1.327175380834097496e+01,1.909441244502034785e+00,1.079638907681205851e+00
9.701000000000000734e-01,1.284295839916199178e+01,-1.007271528248732256e-01,1.125955528036398867e+00,1.338062053061026724e+01,2.019007073441526856e+00,1.161850276510398405e+00
9.801000000000000822e-01,1.297901499711482032e+01,1.979219694518955311e-02,1.094397904452077297e+00,1.348536880340389210e+01,2.134206418904645908e+00,1.133680385247549660e+00
9.901000000000000911e-01,1.315245982236047695e+01,1.889148536947953816e-01,1.083657540077768822e+00,1.363520007471927720e+01,2.203987217534420395e+00,1.089027524330633767e+00
